test split,train samples,test samples,epochs,train_loss,train_accuracy,val_loss,val_accuracy
0.2,47,12,20,"[136.96580505371094, 152.92193603515625, 47.005069732666016, 161.63092041015625, 63.2895393371582, 95.80672454833984, 76.48632049560547, 39.857460021972656, 41.59096145629883, 45.29328155517578, 27.506519317626953, 39.951416015625, 39.10078811645508, 34.60649108886719, 38.7951774597168, 32.02422332763672, 21.03217315673828, 18.925172805786133, 19.15004539489746, 28.754404067993164]","[0.4893617033958435, 0.6382978558540344, 0.7446808218955994, 0.44680851697921753, 0.5744680762290955, 0.6382978558540344, 0.6595744490623474, 0.5744680762290955, 0.6170212626457214, 0.5957446694374084, 0.6170212626457214, 0.5106382966041565, 0.6595744490623474, 0.7021276354789734, 0.4680851101875305, 0.6382978558540344, 0.6595744490623474, 0.6595744490623474, 0.6595744490623474, 0.5957446694374084]","[342.162353515625, 236.0464630126953, 105.1513442993164, 85.9668960571289, 236.9551239013672, 248.8475341796875, 78.2181167602539, 68.56212615966797, 127.5337905883789, 106.28521728515625, 49.0391731262207, 90.64630126953125, 117.22808837890625, 33.40865707397461, 75.33556365966797, 71.59783935546875, 30.370332717895508, 51.22526931762695, 33.08906173706055, 40.451908111572266]","[0.3333333432674408, 0.3333333432674408, 0.5833333134651184, 0.5833333134651184, 0.3333333432674408, 0.3333333432674408, 0.4166666567325592, 0.5, 0.3333333432674408, 0.3333333432674408, 0.5833333134651184, 0.3333333432674408, 0.4166666567325592, 0.5833333134651184, 0.3333333432674408, 0.3333333432674408, 0.5833333134651184, 0.4166666567325592, 0.5, 0.4166666567325592]"
0.2,47,12,50,"[13.090311050415039, 12.656536102294922, 13.211820602416992, 17.512941360473633, 9.549866676330566, 13.018023490905762, 8.977057456970215, 10.507973670959473, 18.019338607788086, 18.13644790649414, 18.084613800048828, 16.09463882446289, 18.122623443603516, 10.88996410369873, 9.529158592224121, 12.988617897033691, 5.994727611541748, 7.316319942474365, 9.903178215026855, 12.000036239624023, 8.291881561279297, 9.976540565490723, 15.341124534606934, 9.493317604064941, 7.09683084487915, 4.561023235321045, 11.045348167419434, 19.976661682128906, 16.898521423339844, 27.890199661254883, 8.04675579071045, 11.52564525604248, 9.054537773132324, 16.003765106201172, 6.241063117980957, 15.616964340209961, 31.817218780517578, 28.206600189208984, 19.819787979125977, 13.223931312561035, 10.646489143371582, 19.412330627441406, 20.28323745727539, 29.32850456237793, 23.069198608398438, 23.119550704956055, 17.97563934326172, 14.795598030090332, 28.038921356201172, 17.06532859802246]","[0.6808510422706604, 0.7234042286872864, 0.6170212626457214, 0.6170212626457214, 0.5531914830207825, 0.4680851101875305, 0.5957446694374084, 0.6170212626457214, 0.6382978558540344, 0.4893617033958435, 0.6382978558540344, 0.5319148898124695, 0.6170212626457214, 0.6382978558540344, 0.6808510422706604, 0.5744680762290955, 0.7021276354789734, 0.6382978558540344, 0.5957446694374084, 0.4680851101875305, 0.5957446694374084, 0.5957446694374084, 0.5319148898124695, 0.5957446694374084, 0.6595744490623474, 0.7021276354789734, 0.5957446694374084, 0.6595744490623474, 0.5319148898124695, 0.5957446694374084, 0.7021276354789734, 0.6808510422706604, 0.5957446694374084, 0.6382978558540344, 0.7021276354789734, 0.6382978558540344, 0.38297873735427856, 0.6382978558540344, 0.4893617033958435, 0.6382978558540344, 0.5957446694374084, 0.6382978558540344, 0.4680851101875305, 0.6382978558540344, 0.5957446694374084, 0.5319148898124695, 0.6382978558540344, 0.5744680762290955, 0.6382978558540344, 0.5106382966041565]","[48.07313537597656, 19.422149658203125, 46.62649917602539, 8.67539119720459, 12.274322509765625, 36.17677688598633, 16.466251373291016, 50.7568359375, 16.275178909301758, 48.43134689331055, 17.76000213623047, 49.96586990356445, 40.91496658325195, 29.010168075561523, 17.949790954589844, 14.028119087219238, 22.415788650512695, 26.277578353881836, 9.510390281677246, 22.16021728515625, 31.185510635375977, 13.687987327575684, 34.302978515625, 10.517176628112793, 21.557241439819336, 7.612249851226807, 61.94358444213867, 17.556459426879883, 68.96179962158203, 26.1735782623291, 21.258583068847656, 16.940670013427734, 39.5420036315918, 11.27422046661377, 42.4076042175293, 15.954852104187012, 71.77483367919922, 10.40351390838623, 32.2969856262207, 13.613323211669922, 43.79603958129883, 13.24792766571045, 49.38337707519531, 80.55352783203125, 21.31304168701172, 54.457733154296875, 15.635979652404785, 65.22025299072266, 49.37965774536133, 13.796875953674316]","[0.3333333432674408, 0.5, 0.3333333432674408, 0.75, 0.5833333134651184, 0.3333333432674408, 0.5, 0.3333333432674408, 0.5, 0.3333333432674408, 0.5, 0.3333333432674408, 0.3333333432674408, 0.3333333432674408, 0.5, 0.5, 0.4166666567325592, 0.3333333432674408, 0.6666666865348816, 0.4166666567325592, 0.3333333432674408, 0.5833333134651184, 0.3333333432674408, 0.5, 0.3333333432674408, 0.5, 0.3333333432674408, 0.6666666865348816, 0.3333333432674408, 0.4166666567325592, 0.5, 0.5833333134651184, 0.3333333432674408, 0.5833333134651184, 0.4166666567325592, 0.6666666865348816, 0.3333333432674408, 0.5, 0.3333333432674408, 0.5833333134651184, 0.3333333432674408, 0.5, 0.4166666567325592, 0.3333333432674408, 0.6666666865348816, 0.3333333432674408, 0.5, 0.3333333432674408, 0.3333333432674408, 0.5833333134651184]"
0.2,47,12,100,"[11.954710960388184, 21.966114044189453, 9.096684455871582, 9.356399536132812, 11.036749839782715, 5.58658504486084, 7.0498762130737305, 8.105318069458008, 9.265501976013184, 10.468179702758789, 24.946096420288086, 23.561176300048828, 19.190336227416992, 25.595687866210938, 9.593160629272461, 18.45136833190918, 21.266897201538086, 12.151276588439941, 8.044967651367188, 6.050630569458008, 10.230639457702637, 29.894643783569336, 46.40867614746094, 30.79745101928711, 57.38484191894531, 53.02040481567383, 77.01647186279297, 20.678260803222656, 42.6170539855957, 48.250282287597656, 74.01859283447266, 26.854341506958008, 25.300729751586914, 26.1513729095459, 17.21684455871582, 18.32565689086914, 20.7148380279541, 17.961606979370117, 14.793777465820312, 17.63236427307129, 18.849069595336914, 8.912616729736328, 32.39677429199219, 33.83417510986328, 27.31198501586914, 29.327098846435547, 28.678874969482422, 16.800615310668945, 37.12729263305664, 15.805131912231445, 13.829924583435059, 10.019111633300781, 14.75617504119873, 7.397390842437744, 7.5109992027282715, 17.6767635345459, 5.48647403717041, 6.624635219573975, 8.698647499084473, 7.743965148925781, 12.731517791748047, 18.2836971282959, 7.24656343460083, 8.74771785736084, 4.701717853546143, 7.438912391662598, 8.674568176269531, 7.51840353012085, 10.055242538452148, 4.7297186851501465, 2.375300884246826, 2.7880778312683105, 2.557605266571045, 9.233381271362305, 5.1961989402771, 13.383028984069824, 7.41039514541626, 7.166480541229248, 7.105789661407471, 10.696578979492188, 3.80891489982605, 3.131289005279541, 16.052024841308594, 5.144491195678711, 3.1271119117736816, 8.48343563079834, 7.3632683753967285, 4.9042510986328125, 3.6415743827819824, 6.389122486114502, 4.190902233123779, 8.81551456451416, 18.502729415893555, 9.61777114868164, 15.43631649017334, 8.806378364562988, 23.770240783691406, 13.149435997009277, 10.988855361938477, 16.127986907958984]","[0.7021276354789734, 0.6382978558540344, 0.6382978558540344, 0.7021276354789734, 0.5319148898124695, 0.5744680762290955, 0.7021276354789734, 0.5744680762290955, 0.6808510422706604, 0.6382978558540344, 0.6382978558540344, 0.5106382966041565, 0.6170212626457214, 0.6170212626457214, 0.6382978558540344, 0.6382978558540344, 0.5319148898124695, 0.6382978558540344, 0.6382978558540344, 0.6808510422706604, 0.6595744490623474, 0.44680851697921753, 0.6382978558540344, 0.6808510422706604, 0.3617021143436432, 0.6382978558540344, 0.6382978558540344, 0.7021276354789734, 0.4680851101875305, 0.6382978558540344, 0.6382978558540344, 0.6170212626457214, 0.5531914830207825, 0.6170212626457214, 0.6595744490623474, 0.5957446694374084, 0.5957446694374084, 0.5744680762290955, 0.7021276354789734, 0.6170212626457214, 0.4893617033958435, 0.6382978558540344, 0.3617021143436432, 0.6382978558540344, 0.6170212626457214, 0.5106382966041565, 0.6170212626457214, 0.6382978558540344, 0.3617021143436432, 0.6170212626457214, 0.5957446694374084, 0.6808510422706604, 0.6808510422706604, 0.6595744490623474, 0.6382978558540344, 0.6382978558540344, 0.4893617033958435, 0.6382978558540344, 0.5957446694374084, 0.6382978558540344, 0.5319148898124695, 0.6382978558540344, 0.6170212626457214, 0.6170212626457214, 0.6382978558540344, 0.6382978558540344, 0.5744680762290955, 0.5957446694374084, 0.5957446694374084, 0.5957446694374084, 0.6595744490623474, 0.6595744490623474, 0.6382978558540344, 0.4893617033958435, 0.6595744490623474, 0.6170212626457214, 0.5957446694374084, 0.6382978558540344, 0.6382978558540344, 0.4680851101875305, 0.5744680762290955, 0.7446808218955994, 0.44680851697921753, 0.6595744490623474, 0.7446808218955994, 0.5957446694374084, 0.6170212626457214, 0.6808510422706604, 0.6595744490623474, 0.6808510422706604, 0.7021276354789734, 0.5319148898124695, 0.6382978558540344, 0.5531914830207825, 0.6382978558540344, 0.5531914830207825, 0.6382978558540344, 0.6382978558540344, 0.5744680762290955, 0.7234042286872864]","[68.4509506225586, 16.38918685913086, 31.348770141601562, 12.022486686706543, 16.32427406311035, 24.3773250579834, 21.979896545410156, 5.444540500640869, 11.997482299804688, 48.517913818359375, 23.351285934448242, 20.244422912597656, 78.7876968383789, 17.621904373168945, 52.572330474853516, 16.221817016601562, 33.82345962524414, 25.425994873046875, 14.842350959777832, 43.159942626953125, 20.336669921875, 85.6041488647461, 104.1560287475586, 24.4818058013916, 72.44757843017578, 189.7844696044922, 86.73394775390625, 39.45731735229492, 89.00360107421875, 188.1934814453125, 100.7591552734375, 35.70622634887695, 77.03287506103516, 70.6809310913086, 29.133031845092773, 58.86256790161133, 42.3075065612793, 20.851850509643555, 63.12260818481445, 16.79442596435547, 38.8069953918457, 22.809091567993164, 69.35550689697266, 86.79328155517578, 21.571352005004883, 53.94465637207031, 86.89111328125, 27.8514461517334, 49.55178451538086, 23.38029670715332, 19.351520538330078, 49.74018478393555, 17.243051528930664, 15.199902534484863, 39.0402717590332, 7.6056036949157715, 22.377029418945312, 25.162084579467773, 19.762977600097656, 11.318031311035156, 41.78532028198242, 17.1850528717041, 22.846099853515625, 13.788111686706543, 24.18157958984375, 5.531861782073975, 11.396349906921387, 26.648969650268555, 4.875227451324463, 3.5411460399627686, 3.152942419052124, 3.90936017036438, 7.518418788909912, 9.129705429077148, 30.849090576171875, 9.538206100463867, 26.03424644470215, 7.162403106689453, 11.999299049377441, 14.622161865234375, 11.201781272888184, 8.061943054199219, 22.462312698364258, 12.779261589050293, 8.686267852783203, 18.31083106994629, 15.85332202911377, 8.18114185333252, 25.67200469970703, 15.094082832336426, 22.043563842773438, 31.26595115661621, 26.455663681030273, 30.562570571899414, 19.086999893188477, 41.02560043334961, 50.73177719116211, 16.00325584411621, 57.88496780395508, 18.96671485900879]","[0.3333333432674408, 0.5833333134651184, 0.3333333432674408, 0.5, 0.4166666567325592, 0.4166666567325592, 0.3333333432674408, 0.5, 0.3333333432674408, 0.4166666567325592, 0.3333333432674408, 0.3333333432674408, 0.3333333432674408, 0.5, 0.3333333432674408, 0.5, 0.4166666567325592, 0.4166666567325592, 0.5833333134651184, 0.3333333432674408, 0.6666666865348816, 0.3333333432674408, 0.3333333432674408, 0.6666666865348816, 0.4166666567325592, 0.3333333432674408, 0.3333333432674408, 0.5833333134651184, 0.3333333432674408, 0.3333333432674408, 0.3333333432674408, 0.5, 0.4166666567325592, 0.3333333432674408, 0.5, 0.3333333432674408, 0.3333333432674408, 0.4166666567325592, 0.3333333432674408, 0.6666666865348816, 0.3333333432674408, 0.6666666865348816, 0.3333333432674408, 0.4166666567325592, 0.5833333134651184, 0.4166666567325592, 0.4166666567325592, 0.6666666865348816, 0.4166666567325592, 0.5, 0.5, 0.4166666567325592, 0.4166666567325592, 0.4166666567325592, 0.4166666567325592, 0.4166666567325592, 0.3333333432674408, 0.3333333432674408, 0.3333333432674408, 0.5, 0.4166666567325592, 0.4166666567325592, 0.3333333432674408, 0.4166666567325592, 0.3333333432674408, 0.5833333134651184, 0.4166666567325592, 0.4166666567325592, 0.5, 0.5, 0.5833333134651184, 0.4166666567325592, 0.6666666865348816, 0.4166666567325592, 0.4166666567325592, 0.5, 0.3333333432674408, 0.5, 0.4166666567325592, 0.3333333432674408, 0.3333333432674408, 0.6666666865348816, 0.4166666567325592, 0.3333333432674408, 0.6666666865348816, 0.3333333432674408, 0.3333333432674408, 0.4166666567325592, 0.4166666567325592, 0.3333333432674408, 0.4166666567325592, 0.3333333432674408, 0.4166666567325592, 0.4166666567325592, 0.3333333432674408, 0.4166666567325592, 0.4166666567325592, 0.5, 0.3333333432674408, 0.5833333134651184]"
0.3,41,18,20,"[12.410846710205078, 10.282086372375488, 9.449480056762695, 8.8073091506958, 8.017926216125488, 6.896745681762695, 10.258220672607422, 13.034599304199219, 10.241049766540527, 25.34455108642578, 24.926010131835938, 44.32371139526367, 30.249454498291016, 12.645174026489258, 8.384797096252441, 14.89986515045166, 11.548713684082031, 13.993515014648438, 10.411052703857422, 5.689403057098389]","[0.5853658318519592, 0.707317054271698, 0.7317073345184326, 0.6585366129875183, 0.6341463327407837, 0.707317054271698, 0.4390243887901306, 0.6829268336296082, 0.6829268336296082, 0.31707316637039185, 0.6829268336296082, 0.6829268336296082, 0.6829268336296082, 0.5121951103210449, 0.6829268336296082, 0.6829268336296082, 0.6341463327407837, 0.6585366129875183, 0.6341463327407837, 0.6097561120986938]","[16.711658477783203, 23.090612411499023, 14.437654495239258, 11.084836959838867, 19.65630340576172, 6.4382219314575195, 19.177459716796875, 31.394182205200195, 12.250736236572266, 40.655277252197266, 95.11872863769531, 78.8554458618164, 8.766490936279297, 9.409399032592773, 37.43856430053711, 14.286561965942383, 13.937108039855957, 20.943410873413086, 15.739327430725098, 7.89695405960083]","[0.5, 0.5, 0.5, 0.5, 0.4444444477558136, 0.5, 0.3888888955116272, 0.3333333432674408, 0.6666666865348816, 0.3333333432674408, 0.3333333432674408, 0.3333333432674408, 0.5555555820465088, 0.6111111044883728, 0.3888888955116272, 0.5555555820465088, 0.6111111044883728, 0.3888888955116272, 0.4444444477558136, 0.5555555820465088]"
0.3,41,18,50,"[6.063253879547119, 5.131651878356934, 3.03944993019104, 2.146003484725952, 4.34326696395874, 4.3391594886779785, 13.023792266845703, 5.27755880355835, 12.396449089050293, 18.370567321777344, 15.62299919128418, 18.575725555419922, 16.326486587524414, 22.750349044799805, 14.1690092086792, 17.475549697875977, 12.553702354431152, 15.489531517028809, 16.685277938842773, 11.169611930847168, 19.170761108398438, 9.67292308807373, 12.973930358886719, 10.345196723937988, 7.1472978591918945, 7.131428241729736, 8.186375617980957, 8.412464141845703, 11.846627235412598, 11.091259002685547, 7.784027099609375, 21.026203155517578, 22.948640823364258, 7.4559149742126465, 7.064878940582275, 14.6821928024292, 10.25517463684082, 11.273921012878418, 9.293107986450195, 10.687860488891602, 7.4939866065979, 4.008102893829346, 2.3815460205078125, 2.1121280193328857, 3.8556199073791504, 3.349330186843872, 1.668975830078125, 2.127577304840088, 3.4387333393096924, 3.0766665935516357]","[0.6585366129875183, 0.7317073345184326, 0.7317073345184326, 0.7317073345184326, 0.5853658318519592, 0.5609756112098694, 0.6829268336296082, 0.707317054271698, 0.4390243887901306, 0.6829268336296082, 0.6829268336296082, 0.5121951103210449, 0.5853658318519592, 0.6829268336296082, 0.6585366129875183, 0.46341463923454285, 0.6829268336296082, 0.6341463327407837, 0.5121951103210449, 0.5609756112098694, 0.6829268336296082, 0.5609756112098694, 0.46341463923454285, 0.6829268336296082, 0.6097561120986938, 0.7317073345184326, 0.6829268336296082, 0.5121951103210449, 0.6829268336296082, 0.6829268336296082, 0.46341463923454285, 0.6829268336296082, 0.6829268336296082, 0.6585366129875183, 0.6585366129875183, 0.6829268336296082, 0.7560975551605225, 0.5365853905677795, 0.7560975551605225, 0.6829268336296082, 0.5365853905677795, 0.707317054271698, 0.7317073345184326, 0.707317054271698, 0.5609756112098694, 0.5365853905677795, 0.6097561120986938, 0.707317054271698, 0.6585366129875183, 0.7317073345184326]","[13.451608657836914, 3.704512596130371, 3.454519271850586, 5.306283950805664, 1.485095500946045, 25.016218185424805, 23.313257217407227, 12.349525451660156, 32.58137893676758, 45.61216735839844, 12.618876457214355, 13.518312454223633, 50.67950439453125, 33.03776168823242, 17.924211502075195, 24.641407012939453, 42.97666931152344, 10.95573616027832, 10.880492210388184, 44.67084503173828, 26.737163543701172, 11.76722526550293, 24.48326873779297, 10.964447021484375, 9.76075553894043, 24.01996612548828, 5.789286136627197, 12.623106956481934, 33.510379791259766, 5.359360218048096, 31.12397003173828, 59.15209197998047, 16.522945404052734, 11.76944351196289, 30.05683708190918, 28.83560562133789, 10.269291877746582, 15.536919593811035, 30.22235107421875, 7.701655864715576, 8.026504516601562, 5.331623554229736, 2.8048088550567627, 2.8346872329711914, 1.446562647819519, 1.9693548679351807, 3.3745357990264893, 3.638549327850342, 8.366423606872559, 3.093771457672119]","[0.3888888955116272, 0.5, 0.5555555820465088, 0.5, 0.5, 0.3333333432674408, 0.3333333432674408, 0.6666666865348816, 0.3333333432674408, 0.3333333432674408, 0.5555555820465088, 0.5555555820465088, 0.3333333432674408, 0.3888888955116272, 0.6111111044883728, 0.4444444477558136, 0.3888888955116272, 0.5, 0.5555555820465088, 0.3888888955116272, 0.3888888955116272, 0.6666666865348816, 0.3888888955116272, 0.5, 0.5555555820465088, 0.3888888955116272, 0.5, 0.4444444477558136, 0.3888888955116272, 0.6666666865348816, 0.3888888955116272, 0.3333333432674408, 0.3888888955116272, 0.6666666865348816, 0.3888888955116272, 0.3333333432674408, 0.5555555820465088, 0.5, 0.3888888955116272, 0.5555555820465088, 0.5555555820465088, 0.5555555820465088, 0.6111111044883728, 0.5555555820465088, 0.5555555820465088, 0.5555555820465088, 0.4444444477558136, 0.5, 0.4444444477558136, 0.6111111044883728]"
0.3,41,18,100,"[3.7587287425994873, 3.7481331825256348, 12.439285278320312, 8.866195678710938, 3.3794634342193604, 3.2241098880767822, 6.861289978027344, 3.0154411792755127, 3.7455954551696777, 3.517810344696045, 6.588434219360352, 7.226215839385986, 2.7507221698760986, 4.774540424346924, 11.237732887268066, 4.537474155426025, 12.278007507324219, 17.895183563232422, 14.558121681213379, 11.24363899230957, 4.807417869567871, 6.442153453826904, 4.239540100097656, 5.130709648132324, 3.0903537273406982, 2.44614315032959, 3.1789138317108154, 14.2637357711792, 6.44803524017334, 13.952666282653809, 32.986270904541016, 45.41169357299805, 28.42466163635254, 17.221094131469727, 11.442057609558105, 17.756629943847656, 9.550312042236328, 12.200937271118164, 12.317244529724121, 10.717778205871582, 12.376152038574219, 7.207303524017334, 9.6615629196167, 14.674491882324219, 14.645564079284668, 16.970016479492188, 16.4050350189209, 7.386053085327148, 18.641321182250977, 8.98068904876709, 8.117463111877441, 11.6395902633667, 4.916538715362549, 6.731197357177734, 8.789657592773438, 4.029745101928711, 9.75911808013916, 16.26435661315918, 7.066128730773926, 18.032114028930664, 20.255386352539062, 32.28643798828125, 13.980314254760742, 19.719200134277344, 9.426278114318848, 20.899974822998047, 8.926980972290039, 20.00448226928711, 12.667957305908203, 14.78955078125, 5.1740288734436035, 9.347345352172852, 22.318376541137695, 26.816871643066406, 13.054976463317871, 15.221359252929688, 9.680122375488281, 6.095728397369385, 9.374654769897461, 8.132390975952148, 10.56442642211914, 11.948514938354492, 11.660643577575684, 13.008455276489258, 6.590799331665039, 4.9518632888793945, 4.185732364654541, 4.09023904800415, 3.3040504455566406, 9.585655212402344, 8.140398025512695, 11.49702262878418, 9.05333423614502, 15.074738502502441, 3.692760467529297, 5.143258094787598, 4.909494400024414, 6.423741817474365, 7.203795433044434, 4.306479454040527]","[0.7317073345184326, 0.6097561120986938, 0.6829268336296082, 0.4878048896789551, 0.6585366129875183, 0.5609756112098694, 0.6585366129875183, 0.5853658318519592, 0.7317073345184326, 0.6341463327407837, 0.6829268336296082, 0.5853658318519592, 0.6829268336296082, 0.5609756112098694, 0.6829268336296082, 0.8048780560493469, 0.4878048896789551, 0.6829268336296082, 0.6829268336296082, 0.5121951103210449, 0.6829268336296082, 0.707317054271698, 0.6585366129875183, 0.6341463327407837, 0.6097561120986938, 0.7804877758026123, 0.5853658318519592, 0.6829268336296082, 0.6829268336296082, 0.3658536672592163, 0.6829268336296082, 0.6829268336296082, 0.6829268336296082, 0.5365853905677795, 0.5853658318519592, 0.6829268336296082, 0.707317054271698, 0.5121951103210449, 0.6585366129875183, 0.6829268336296082, 0.46341463923454285, 0.7317073345184326, 0.6829268336296082, 0.39024388790130615, 0.6829268336296082, 0.6829268336296082, 0.4878048896789551, 0.707317054271698, 0.6829268336296082, 0.6341463327407837, 0.4878048896789551, 0.6829268336296082, 0.6829268336296082, 0.5609756112098694, 0.6829268336296082, 0.707317054271698, 0.5121951103210449, 0.6829268336296082, 0.7317073345184326, 0.3658536672592163, 0.6829268336296082, 0.6829268336296082, 0.6585366129875183, 0.5121951103210449, 0.5853658318519592, 0.6829268336296082, 0.707317054271698, 0.4878048896789551, 0.6097561120986938, 0.6829268336296082, 0.707317054271698, 0.46341463923454285, 0.6829268336296082, 0.6829268336296082, 0.6097561120986938, 0.5365853905677795, 0.6341463327407837, 0.6829268336296082, 0.5365853905677795, 0.707317054271698, 0.6829268336296082, 0.4146341383457184, 0.6585366129875183, 0.6585366129875183, 0.6097561120986938, 0.6829268336296082, 0.7560975551605225, 0.6585366129875183, 0.7317073345184326, 0.4878048896789551, 0.6829268336296082, 0.4390243887901306, 0.6829268336296082, 0.3414634168148041, 0.7560975551605225, 0.6829268336296082, 0.707317054271698, 0.7560975551605225, 0.6341463327407837, 0.6829268336296082]","[4.062932968139648, 18.86166000366211, 18.484403610229492, 8.494586944580078, 3.2752153873443604, 17.479835510253906, 3.1254072189331055, 3.399141550064087, 4.915688514709473, 14.716108322143555, 3.3039307594299316, 6.549267292022705, 1.99168062210083, 18.664913177490234, 21.987022399902344, 11.213924407958984, 26.904083251953125, 42.23048400878906, 8.688167572021484, 11.773032188415527, 18.788394927978516, 5.748683452606201, 15.437286376953125, 3.664579153060913, 3.963289976119995, 1.9996962547302246, 25.50801658630371, 26.154075622558594, 9.96503734588623, 49.250816345214844, 101.43396759033203, 77.5402603149414, 9.476296424865723, 13.747395515441895, 37.5064811706543, 32.66244888305664, 11.586275100708008, 13.55696964263916, 33.84489440917969, 8.466594696044922, 7.893728256225586, 28.57817840576172, 5.3403706550598145, 19.707744598388672, 45.55780792236328, 5.777280807495117, 5.910033226013184, 44.10342025756836, 23.805383682250977, 9.218021392822266, 26.05486488342285, 16.226062774658203, 8.428316116333008, 21.536325454711914, 14.415510177612305, 9.006149291992188, 33.82853698730469, 27.250410079956055, 13.554807662963867, 36.91499328613281, 75.15476989746094, 47.85916519165039, 12.581559181213379, 10.320216178894043, 47.81396484375, 35.0467529296875, 13.434553146362305, 10.342300415039062, 37.61341094970703, 15.370893478393555, 13.232379913330078, 37.60659408569336, 65.96380615234375, 29.06436538696289, 14.65140151977539, 22.62580680847168, 20.976287841796875, 8.876769065856934, 20.085092544555664, 30.163312911987305, 5.335744857788086, 12.365862846374512, 32.93056869506836, 7.759885311126709, 8.35104751586914, 9.587440490722656, 5.580610275268555, 7.476433753967285, 3.58943772315979, 10.948355674743652, 13.646979331970215, 12.600471496582031, 13.859687805175781, 5.823027610778809, 14.833138465881348, 7.7584357261657715, 15.074384689331055, 10.904094696044922, 7.677653789520264, 18.364755630493164]","[0.5555555820465088, 0.3333333432674408, 0.3333333432674408, 0.3888888955116272, 0.6111111044883728, 0.3888888955116272, 0.5, 0.5555555820465088, 0.5, 0.3888888955116272, 0.5, 0.3888888955116272, 0.5555555820465088, 0.3888888955116272, 0.3888888955116272, 0.6666666865348816, 0.3888888955116272, 0.3333333432674408, 0.6666666865348816, 0.4444444477558136, 0.3888888955116272, 0.6111111044883728, 0.4444444477558136, 0.5555555820465088, 0.5, 0.6666666865348816, 0.3333333432674408, 0.3333333432674408, 0.6666666865348816, 0.3333333432674408, 0.3333333432674408, 0.3333333432674408, 0.6111111044883728, 0.6111111044883728, 0.3888888955116272, 0.3888888955116272, 0.6111111044883728, 0.4444444477558136, 0.3888888955116272, 0.5555555820465088, 0.5555555820465088, 0.3888888955116272, 0.6111111044883728, 0.3888888955116272, 0.3333333432674408, 0.5555555820465088, 0.5555555820465088, 0.3333333432674408, 0.3888888955116272, 0.6666666865348816, 0.3888888955116272, 0.3888888955116272, 0.6666666865348816, 0.3888888955116272, 0.3888888955116272, 0.6666666865348816, 0.3888888955116272, 0.3888888955116272, 0.6666666865348816, 0.3888888955116272, 0.3333333432674408, 0.3888888955116272, 0.6111111044883728, 0.5555555820465088, 0.3888888955116272, 0.3888888955116272, 0.6111111044883728, 0.5555555820465088, 0.3888888955116272, 0.5, 0.6666666865348816, 0.3888888955116272, 0.3333333432674408, 0.4444444477558136, 0.6666666865348816, 0.3888888955116272, 0.3888888955116272, 0.6666666865348816, 0.3888888955116272, 0.3888888955116272, 0.5, 0.5, 0.3888888955116272, 0.6111111044883728, 0.5, 0.5555555820465088, 0.5555555820465088, 0.4444444477558136, 0.5, 0.3888888955116272, 0.3333333432674408, 0.3888888955116272, 0.3888888955116272, 0.5, 0.3888888955116272, 0.5555555820465088, 0.3888888955116272, 0.5555555820465088, 0.5, 0.3888888955116272]"
0.4,35,24,20,"[3.3586132526397705, 5.790865421295166, 3.9222726821899414, 4.64556360244751, 4.718818664550781, 3.715585231781006, 3.223878860473633, 2.647454023361206, 3.054513931274414, 2.6740148067474365, 2.5621886253356934, 1.9868360757827759, 1.1492908000946045, 1.5753655433654785, 2.4037821292877197, 3.763214588165283, 6.016502380371094, 2.229221820831299, 1.3291654586791992, 2.2022299766540527]","[0.7428571581840515, 0.5428571701049805, 0.800000011920929, 0.7714285850524902, 0.6285714507102966, 0.7714285850524902, 0.6857143044471741, 0.8285714387893677, 0.7428571581840515, 0.7714285850524902, 0.800000011920929, 0.7428571581840515, 0.8571428656578064, 0.7142857313156128, 0.7428571581840515, 0.48571428656578064, 0.7142857313156128, 0.6285714507102966, 0.800000011920929, 0.6571428775787354]","[6.936303615570068, 13.94550609588623, 23.596471786499023, 5.389461994171143, 16.656349182128906, 7.011738300323486, 10.878593444824219, 12.106860160827637, 4.709033489227295, 10.72387409210205, 3.64141845703125, 8.410660743713379, 3.1343958377838135, 11.921664237976074, 3.7274019718170166, 21.65240478515625, 2.6600139141082764, 7.018438339233398, 3.2262027263641357, 15.848278999328613]","[0.625, 0.3333333432674408, 0.4166666567325592, 0.5833333134651184, 0.4166666567325592, 0.4583333432674408, 0.375, 0.3333333432674408, 0.5416666865348816, 0.375, 0.5416666865348816, 0.4166666567325592, 0.5833333134651184, 0.4166666567325592, 0.6666666865348816, 0.4166666567325592, 0.5833333134651184, 0.4583333432674408, 0.5416666865348816, 0.4166666567325592]"
0.4,35,24,50,"[4.664419174194336, 3.6343295574188232, 1.7607043981552124, 1.4110102653503418, 8.262428283691406, 3.243170738220215, 3.681793212890625, 10.059574127197266, 5.550651550292969, 10.802698135375977, 9.762142181396484, 8.45888614654541, 7.311452865600586, 1.7443944215774536, 13.919641494750977, 12.33515453338623, 5.724487781524658, 8.977450370788574, 9.437948226928711, 7.157769680023193, 10.380179405212402, 4.759152889251709, 12.164037704467773, 3.4011685848236084, 16.042325973510742, 5.225119113922119, 6.248828887939453, 7.073330879211426, 4.833835601806641, 6.264183521270752, 3.971606492996216, 4.728972911834717, 6.880455493927002, 5.031627655029297, 6.986142635345459, 6.213946342468262, 7.109688758850098, 6.846624851226807, 2.382488489151001, 4.819436073303223, 2.6403067111968994, 2.7441253662109375, 2.7119481563568115, 2.2366764545440674, 1.5381406545639038, 1.2784136533737183, 1.2139371633529663, 3.0985801219940186, 1.265541911125183, 4.447812557220459]","[0.7142857313156128, 0.6857143044471741, 0.800000011920929, 0.8571428656578064, 0.4000000059604645, 0.7142857313156128, 0.6571428775787354, 0.7142857313156128, 0.800000011920929, 0.5142857432365417, 0.7142857313156128, 0.7142857313156128, 0.5142857432365417, 0.6571428775787354, 0.7142857313156128, 0.7142857313156128, 0.800000011920929, 0.6000000238418579, 0.7142857313156128, 0.7714285850524902, 0.5428571701049805, 0.7714285850524902, 0.7142857313156128, 0.7428571581840515, 0.5142857432365417, 0.7714285850524902, 0.7428571581840515, 0.6857143044471741, 0.7142857313156128, 0.7428571581840515, 0.800000011920929, 0.5714285969734192, 0.7142857313156128, 0.7714285850524902, 0.5714285969734192, 0.7142857313156128, 0.7428571581840515, 0.5428571701049805, 0.7714285850524902, 0.8571428656578064, 0.7142857313156128, 0.7714285850524902, 0.7714285850524902, 0.8285714387893677, 0.800000011920929, 0.800000011920929, 0.8571428656578064, 0.6285714507102966, 0.7714285850524902, 0.5714285969734192]","[10.44016170501709, 7.079666614532471, 10.68701457977295, 3.9337167739868164, 17.086654663085938, 5.9620585441589355, 31.40362548828125, 26.237985610961914, 9.68822956085205, 26.06183433532715, 40.20027160644531, 11.131089210510254, 12.236117362976074, 46.55397415161133, 51.98219299316406, 15.593132972717285, 15.14808177947998, 37.10663986206055, 41.930419921875, 15.22763729095459, 16.54054069519043, 44.50751876831055, 35.58549499511719, 16.957565307617188, 20.203792572021484, 36.23945236206055, 21.224721908569336, 15.054097175598145, 25.820589065551758, 26.20086097717285, 12.870640754699707, 26.23259735107422, 31.290359497070312, 11.29517650604248, 23.655038833618164, 35.111270904541016, 10.732352256774902, 16.045839309692383, 27.994659423828125, 12.949467658996582, 12.460057258605957, 17.000577926635742, 10.995015144348145, 11.47546672821045, 10.019891738891602, 10.397945404052734, 6.289895534515381, 11.188420295715332, 5.8481831550598145, 14.476910591125488]","[0.375, 0.4583333432674408, 0.3333333432674408, 0.6666666865348816, 0.4166666567325592, 0.625, 0.4166666567325592, 0.4166666567325592, 0.625, 0.4166666567325592, 0.4166666567325592, 0.5833333134651184, 0.5416666865348816, 0.4166666567325592, 0.4166666567325592, 0.5416666865348816, 0.5833333134651184, 0.4166666567325592, 0.4166666567325592, 0.5416666865348816, 0.5, 0.4166666567325592, 0.4166666567325592, 0.625, 0.5, 0.4166666567325592, 0.4583333432674408, 0.625, 0.375, 0.3333333432674408, 0.625, 0.375, 0.4166666567325592, 0.5833333134651184, 0.375, 0.4166666567325592, 0.5833333134651184, 0.4583333432674408, 0.4166666567325592, 0.5416666865348816, 0.5416666865348816, 0.4583333432674408, 0.5416666865348816, 0.5, 0.5, 0.4583333432674408, 0.5416666865348816, 0.5, 0.5416666865348816, 0.4166666567325592]"
0.4,35,24,100,"[3.80792236328125, 0.9680399298667908, 2.4885804653167725, 2.592255115509033, 2.357581377029419, 3.1139843463897705, 1.647611379623413, 1.4904530048370361, 1.2347490787506104, 5.146176815032959, 4.619577407836914, 3.8997738361358643, 5.353701591491699, 2.1850996017456055, 3.3284590244293213, 3.0106101036071777, 1.0769193172454834, 3.6257197856903076, 1.3237348794937134, 1.3737995624542236, 1.2591261863708496, 2.1274287700653076, 8.128622055053711, 4.234761714935303, 7.946781635284424, 6.287816047668457, 6.488936901092529, 3.7815539836883545, 11.360507011413574, 5.671341896057129, 5.577455997467041, 4.748058795928955, 4.0897626876831055, 2.0098071098327637, 7.073359966278076, 5.982461929321289, 4.626294136047363, 4.289085388183594, 2.1808741092681885, 4.592127323150635, 1.8889957666397095, 3.3087496757507324, 6.058453559875488, 7.15912389755249, 5.684726238250732, 9.598447799682617, 3.1972532272338867, 5.857620716094971, 8.916343688964844, 5.284953594207764, 5.569694519042969, 9.463486671447754, 9.723014831542969, 8.956966400146484, 11.48469352722168, 6.623588562011719, 8.995772361755371, 5.285728454589844, 2.356414794921875, 3.5018701553344727, 2.9134774208068848, 2.475586414337158, 1.706830382347107, 1.6962409019470215, 3.2279574871063232, 2.8965184688568115, 2.0127475261688232, 2.450467109680176, 2.9818973541259766, 12.178290367126465, 8.050029754638672, 11.934656143188477, 3.207181692123413, 5.261728286743164, 6.715229034423828, 9.278437614440918, 6.452367305755615, 7.115597248077393, 7.374807357788086, 5.441251754760742, 4.718768119812012, 3.295515775680542, 5.7894744873046875, 7.749611854553223, 3.302868604660034, 7.034214496612549, 5.220343112945557, 3.0007760524749756, 7.30132532119751, 4.048229217529297, 2.160604476928711, 6.8876776695251465, 5.088344097137451, 3.5264830589294434, 2.5967814922332764, 5.317512035369873, 3.1234312057495117, 1.5753507614135742, 1.9011235237121582, 5.742135524749756]","[0.6857143044471741, 0.8285714387893677, 0.7142857313156128, 0.800000011920929, 0.6857143044471741, 0.7714285850524902, 0.6857143044471741, 0.800000011920929, 0.8571428656578064, 0.5428571701049805, 0.5714285969734192, 0.7714285850524902, 0.6000000238418579, 0.7428571581840515, 0.6285714507102966, 0.8285714387893677, 0.7428571581840515, 0.6571428775787354, 0.7142857313156128, 0.8285714387893677, 0.7714285850524902, 0.6571428775787354, 0.7142857313156128, 0.7142857313156128, 0.5428571701049805, 0.7142857313156128, 0.5714285969734192, 0.6571428775787354, 0.7142857313156128, 0.6285714507102966, 0.6571428775787354, 0.7714285850524902, 0.6857143044471741, 0.7428571581840515, 0.7142857313156128, 0.6857143044471741, 0.6571428775787354, 0.7428571581840515, 0.7714285850524902, 0.5428571701049805, 0.8285714387893677, 0.6285714507102966, 0.7142857313156128, 0.5714285969734192, 0.6000000238418579, 0.7142857313156128, 0.6857143044471741, 0.6000000238418579, 0.7142857313156128, 0.7142857313156128, 0.6285714507102966, 0.7142857313156128, 0.5714285969734192, 0.5428571701049805, 0.7142857313156128, 0.6571428775787354, 0.6000000238418579, 0.7142857313156128, 0.7714285850524902, 0.6857143044471741, 0.800000011920929, 0.7428571581840515, 0.7714285850524902, 0.8285714387893677, 0.6857143044471741, 0.7428571581840515, 0.7142857313156128, 0.7428571581840515, 0.6285714507102966, 0.7142857313156128, 0.7142857313156128, 0.48571428656578064, 0.800000011920929, 0.6571428775787354, 0.5714285969734192, 0.7142857313156128, 0.800000011920929, 0.5714285969734192, 0.7142857313156128, 0.7142857313156128, 0.6285714507102966, 0.8285714387893677, 0.7142857313156128, 0.6000000238418579, 0.800000011920929, 0.7142857313156128, 0.6857143044471741, 0.7428571581840515, 0.7142857313156128, 0.7428571581840515, 0.7428571581840515, 0.7142857313156128, 0.6000000238418579, 0.7714285850524902, 0.8571428656578064, 0.5714285969734192, 0.800000011920929, 0.800000011920929, 0.6571428775787354, 0.7142857313156128]","[7.455495357513428, 13.019828796386719, 10.969547271728516, 6.560454845428467, 17.59324073791504, 7.12907600402832, 10.304808616638184, 9.681172370910645, 5.960468292236328, 13.081036567687988, 12.223492622375488, 12.702529907226562, 9.515435218811035, 11.222498893737793, 10.492100715637207, 11.947453498840332, 6.379266262054443, 9.125580787658691, 10.772021293640137, 5.724549770355225, 6.5012359619140625, 21.69159507751465, 23.252832412719727, 7.358747959136963, 20.8231258392334, 15.712509155273438, 6.273073196411133, 38.66281509399414, 22.251602172851562, 9.74474811553955, 25.55229949951172, 15.542197227478027, 11.610148429870605, 30.939712524414062, 22.073091506958008, 11.104146003723145, 26.20757484436035, 12.866748809814453, 9.740199089050293, 18.063539505004883, 8.827528953552246, 23.085174560546875, 17.59397315979004, 8.072325706481934, 36.162872314453125, 12.890457153320312, 8.839309692382812, 35.73843002319336, 13.758746147155762, 9.380843162536621, 36.1037712097168, 16.070470809936523, 9.687374114990234, 42.60467529296875, 20.1707706451416, 12.713729858398438, 28.149648666381836, 18.95616340637207, 11.966469764709473, 21.149024963378906, 16.551132202148438, 12.07111644744873, 16.703588485717773, 9.302396774291992, 17.825424194335938, 9.887394905090332, 14.690055847167969, 7.790955066680908, 27.45829963684082, 38.131988525390625, 9.62488842010498, 15.120184898376465, 27.221086502075195, 10.73481273651123, 28.463045120239258, 37.77459716796875, 11.966374397277832, 19.256818771362305, 31.38481903076172, 12.73250961303711, 22.89619255065918, 32.147499084472656, 14.179394721984863, 14.024495124816895, 34.961036682128906, 13.594871520996094, 11.1805419921875, 33.087833404541016, 15.392361640930176, 10.87714672088623, 31.76316261291504, 17.299110412597656, 15.17419147491455, 23.5240421295166, 10.32999324798584, 19.9039249420166, 17.10007095336914, 9.112120628356934, 26.435571670532227, 21.849287033081055]","[0.4583333432674408, 0.375, 0.4166666567325592, 0.5833333134651184, 0.4166666567325592, 0.625, 0.5, 0.5, 0.5833333134651184, 0.375, 0.375, 0.375, 0.4583333432674408, 0.4166666567325592, 0.4583333432674408, 0.4166666567325592, 0.5833333134651184, 0.5, 0.4166666567325592, 0.6666666865348816, 0.5, 0.4166666567325592, 0.375, 0.6666666865348816, 0.4166666567325592, 0.4166666567325592, 0.5833333134651184, 0.4166666567325592, 0.4166666567325592, 0.5833333134651184, 0.4583333432674408, 0.4583333432674408, 0.5833333134651184, 0.4583333432674408, 0.375, 0.5416666865348816, 0.4583333432674408, 0.4583333432674408, 0.5833333134651184, 0.375, 0.5833333134651184, 0.4166666567325592, 0.375, 0.5833333134651184, 0.4166666567325592, 0.4583333432674408, 0.5833333134651184, 0.4166666567325592, 0.5, 0.5833333134651184, 0.4166666567325592, 0.375, 0.5833333134651184, 0.4166666567325592, 0.375, 0.625, 0.4166666567325592, 0.4583333432674408, 0.5833333134651184, 0.375, 0.5, 0.5416666865348816, 0.3333333432674408, 0.5833333134651184, 0.4166666567325592, 0.4583333432674408, 0.4166666567325592, 0.625, 0.375, 0.375, 0.625, 0.4166666567325592, 0.4166666567325592, 0.5833333134651184, 0.4166666567325592, 0.4166666567325592, 0.5833333134651184, 0.4583333432674408, 0.4583333432674408, 0.5833333134651184, 0.375, 0.4583333432674408, 0.5416666865348816, 0.4583333432674408, 0.4166666567325592, 0.4583333432674408, 0.5833333134651184, 0.4166666567325592, 0.4583333432674408, 0.5833333134651184, 0.4166666567325592, 0.4583333432674408, 0.5, 0.4166666567325592, 0.5833333134651184, 0.3333333432674408, 0.4166666567325592, 0.5833333134651184, 0.4166666567325592, 0.4166666567325592]"
0.5,29,30,20,"[3.540112257003784, 4.983001708984375, 3.1191565990448, 9.025964736938477, 5.959011554718018, 7.5383195877075195, 3.8759517669677734, 2.578721046447754, 4.987907886505127, 2.831946611404419, 2.3661303520202637, 3.2770228385925293, 3.3160400390625, 5.267299652099609, 3.4167978763580322, 2.25555682182312, 2.844714403152466, 4.645364761352539, 1.6346269845962524, 4.332000255584717]","[0.8275862336158752, 0.6551724076271057, 0.6896551847457886, 0.5862069129943848, 0.6896551847457886, 0.6206896305084229, 0.5862069129943848, 0.6896551847457886, 0.5862069129943848, 0.7586206793785095, 0.7586206793785095, 0.7241379022598267, 0.7586206793785095, 0.5517241358757019, 0.6551724076271057, 0.7241379022598267, 0.7931034564971924, 0.6551724076271057, 0.7586206793785095, 0.5517241358757019]","[8.296126365661621, 15.909808158874512, 10.882044792175293, 17.027711868286133, 22.656587600708008, 8.273160934448242, 9.133495330810547, 9.506635665893555, 13.96175765991211, 8.694393157958984, 7.381923198699951, 13.754647254943848, 6.534028053283691, 6.580418109893799, 9.167004585266113, 10.968385696411133, 8.450155258178711, 10.57357406616211, 5.931765079498291, 7.851891040802002]","[0.5333333611488342, 0.5333333611488342, 0.5, 0.5333333611488342, 0.5333333611488342, 0.6000000238418579, 0.6000000238418579, 0.5333333611488342, 0.46666666865348816, 0.5666666626930237, 0.6000000238418579, 0.46666666865348816, 0.6000000238418579, 0.6666666865348816, 0.5333333611488342, 0.5, 0.5, 0.46666666865348816, 0.6666666865348816, 0.5]"
0.5,29,30,50,"[6.232711315155029, 2.394400119781494, 2.4110541343688965, 10.128167152404785, 9.495097160339355, 3.559429883956909, 12.71703052520752, 4.660566329956055, 12.732340812683105, 18.395793914794922, 20.72512435913086, 5.36360502243042, 17.510282516479492, 14.136504173278809, 34.348506927490234, 25.626270294189453, 10.418166160583496, 18.15116310119629, 8.957803726196289, 3.705777168273926, 16.310531616210938, 5.502099990844727, 18.10525131225586, 8.674798965454102, 18.154924392700195, 17.505992889404297, 17.042078018188477, 42.7818489074707, 31.489225387573242, 6.957999229431152, 35.657997131347656, 7.05678129196167, 29.577226638793945, 32.66623306274414, 16.745779037475586, 19.69359588623047, 16.89847183227539, 13.2498197555542, 10.103150367736816, 10.022124290466309, 11.934749603271484, 8.351778030395508, 8.787751197814941, 5.303114891052246, 4.997026443481445, 3.9287164211273193, 3.457369327545166, 2.4865570068359375, 1.958821415901184, 1.0216625928878784]","[0.5862069129943848, 0.7241379022598267, 0.6206896305084229, 0.6551724076271057, 0.517241358757019, 0.6551724076271057, 0.6551724076271057, 0.7241379022598267, 0.5517241358757019, 0.6551724076271057, 0.6551724076271057, 0.7931034564971924, 0.517241358757019, 0.6551724076271057, 0.6551724076271057, 0.6551724076271057, 0.6551724076271057, 0.5517241358757019, 0.6896551847457886, 0.7241379022598267, 0.5862069129943848, 0.7241379022598267, 0.6551724076271057, 0.6206896305084229, 0.5517241358757019, 0.5517241358757019, 0.6551724076271057, 0.6551724076271057, 0.6551724076271057, 0.8275862336158752, 0.48275861144065857, 0.5517241358757019, 0.6551724076271057, 0.6551724076271057, 0.6206896305084229, 0.5862069129943848, 0.5517241358757019, 0.6896551847457886, 0.7241379022598267, 0.6551724076271057, 0.6551724076271057, 0.7931034564971924, 0.6896551847457886, 0.6206896305084229, 0.7931034564971924, 0.7586206793785095, 0.6551724076271057, 0.7931034564971924, 0.7241379022598267, 0.7586206793785095]","[10.465143203735352, 5.830413818359375, 20.72655487060547, 20.714508056640625, 6.530455589294434, 28.613037109375, 11.604477882385254, 16.577396392822266, 32.03040313720703, 49.14521408081055, 10.551617622375488, 21.716211318969727, 34.0018196105957, 70.8050765991211, 60.81593322753906, 15.281983375549316, 21.112211227416992, 29.104339599609375, 25.654890060424805, 20.86017417907715, 15.79671573638916, 46.85665512084961, 39.453556060791016, 21.14731788635254, 28.419279098510742, 41.65184783935547, 87.2652359008789, 78.88783264160156, 25.333160400390625, 37.90513610839844, 22.014101028442383, 70.96903991699219, 82.13304901123047, 50.766761779785156, 29.571224212646484, 28.312458038330078, 44.21534729003906, 44.692604064941406, 26.424848556518555, 25.978065490722656, 37.79383850097656, 29.40717124938965, 22.36870002746582, 25.530025482177734, 21.999961853027344, 16.69103240966797, 17.084598541259766, 16.401439666748047, 11.156326293945312, 15.521565437316895]","[0.5, 0.6000000238418579, 0.5333333611488342, 0.5333333611488342, 0.5, 0.5, 0.5, 0.5333333611488342, 0.5333333611488342, 0.5, 0.5333333611488342, 0.5, 0.5333333611488342, 0.5, 0.5, 0.6000000238418579, 0.5, 0.5, 0.46666666865348816, 0.46666666865348816, 0.6333333253860474, 0.5333333611488342, 0.5333333611488342, 0.46666666865348816, 0.5, 0.5333333611488342, 0.5, 0.5, 0.5333333611488342, 0.5, 0.5666666626930237, 0.5333333611488342, 0.5333333611488342, 0.5, 0.5333333611488342, 0.5666666626930237, 0.46666666865348816, 0.46666666865348816, 0.6333333253860474, 0.6333333253860474, 0.46666666865348816, 0.5333333611488342, 0.6333333253860474, 0.5333333611488342, 0.5333333611488342, 0.6333333253860474, 0.5333333611488342, 0.5, 0.6000000238418579, 0.5333333611488342]"
0.5,29,30,100,"[3.700380802154541, 3.779923915863037, 9.330636978149414, 2.841365337371826, 1.920315146446228, 10.250150680541992, 7.172693729400635, 10.337440490722656, 7.42289400100708, 3.346741199493408, 3.4936389923095703, 1.7457553148269653, 1.8415106534957886, 1.8287997245788574, 1.733210563659668, 1.3746271133422852, 1.3589270114898682, 1.730570912361145, 1.9400392770767212, 1.387696623802185, 3.74387526512146, 1.631583333015442, 6.34050989151001, 8.396238327026367, 8.171655654907227, 11.591438293457031, 7.622048377990723, 8.581528663635254, 5.891932010650635, 8.164823532104492, 6.941629409790039, 11.617975234985352, 4.08533239364624, 15.59427261352539, 4.22251033782959, 16.7929630279541, 7.3452467918396, 19.507600784301758, 8.026174545288086, 22.452720642089844, 16.313703536987305, 18.112865447998047, 27.227521896362305, 10.801423072814941, 13.966826438903809, 4.523650169372559, 11.69605827331543, 7.4119720458984375, 5.548466682434082, 6.617158889770508, 5.838146686553955, 5.25506591796875, 5.14237117767334, 9.331050872802734, 4.7418413162231445, 2.888012647628784, 5.993116855621338, 3.449043035507202, 4.8823041915893555, 6.540202617645264, 2.5960423946380615, 4.41373348236084, 4.885623455047607, 2.5155608654022217, 3.058811664581299, 10.799177169799805, 7.174599647521973, 14.093024253845215, 6.214939594268799, 12.837719917297363, 2.736145496368408, 2.108625650405884, 5.225249290466309, 2.8898894786834717, 4.148634433746338, 8.56087875366211, 2.7515931129455566, 2.9961163997650146, 5.659395217895508, 3.328007698059082, 2.346174478530884, 3.7628819942474365, 2.531679391860962, 1.1040642261505127, 1.6726841926574707, 3.715305805206299, 4.0060272216796875, 8.58878231048584, 7.51993465423584, 5.345641136169434, 5.863406658172607, 6.894402503967285, 5.458322525024414, 1.95831298828125, 11.645951271057129, 2.4286298751831055, 4.549846172332764, 9.628726959228516, 3.9041993618011475, 12.21194076538086]","[0.5517241358757019, 0.6551724076271057, 0.6206896305084229, 0.6551724076271057, 0.6551724076271057, 0.6551724076271057, 0.5517241358757019, 0.517241358757019, 0.6551724076271057, 0.6551724076271057, 0.6206896305084229, 0.7586206793785095, 0.8620689511299133, 0.7241379022598267, 0.8275862336158752, 0.7931034564971924, 0.7241379022598267, 0.7931034564971924, 0.7586206793785095, 0.6896551847457886, 0.6206896305084229, 0.7931034564971924, 0.5862069129943848, 0.6551724076271057, 0.6551724076271057, 0.517241358757019, 0.6551724076271057, 0.6896551847457886, 0.5862069129943848, 0.6551724076271057, 0.6551724076271057, 0.5862069129943848, 0.6551724076271057, 0.6551724076271057, 0.6551724076271057, 0.5862069129943848, 0.6206896305084229, 0.6551724076271057, 0.6896551847457886, 0.517241358757019, 0.5517241358757019, 0.6551724076271057, 0.6551724076271057, 0.6896551847457886, 0.5862069129943848, 0.6896551847457886, 0.6551724076271057, 0.6551724076271057, 0.6551724076271057, 0.6896551847457886, 0.7241379022598267, 0.7241379022598267, 0.6206896305084229, 0.6551724076271057, 0.7241379022598267, 0.6551724076271057, 0.6551724076271057, 0.8275862336158752, 0.6206896305084229, 0.6551724076271057, 0.6551724076271057, 0.6551724076271057, 0.5862069129943848, 0.7931034564971924, 0.6551724076271057, 0.6551724076271057, 0.6551724076271057, 0.5862069129943848, 0.6206896305084229, 0.6551724076271057, 0.7241379022598267, 0.6206896305084229, 0.7241379022598267, 0.7241379022598267, 0.6551724076271057, 0.6551724076271057, 0.7931034564971924, 0.7241379022598267, 0.6896551847457886, 0.7241379022598267, 0.7931034564971924, 0.6896551847457886, 0.8275862336158752, 0.7931034564971924, 0.7586206793785095, 0.6551724076271057, 0.5862069129943848, 0.6551724076271057, 0.5862069129943848, 0.6551724076271057, 0.7241379022598267, 0.6206896305084229, 0.6896551847457886, 0.7931034564971924, 0.5862069129943848, 0.7586206793785095, 0.6551724076271057, 0.5862069129943848, 0.7241379022598267, 0.6551724076271057]","[15.654789924621582, 12.344647407531738, 11.036867141723633, 7.629504203796387, 21.861209869384766, 15.253101348876953, 15.04692268371582, 22.86809730529785, 10.886922836303711, 17.104320526123047, 13.395318984985352, 14.677453994750977, 13.07059097290039, 14.076211929321289, 13.282255172729492, 11.483504295349121, 12.057039260864258, 13.900712013244629, 9.557816505432129, 16.021434783935547, 9.968235969543457, 12.019143104553223, 21.905393600463867, 26.109285354614258, 16.2264404296875, 18.557830810546875, 28.150800704956055, 13.94808578491211, 25.374553680419922, 28.904836654663086, 17.560556411743164, 13.811209678649902, 41.18665313720703, 26.90717315673828, 22.286739349365234, 15.183785438537598, 47.519737243652344, 36.57749938964844, 26.88376808166504, 26.776575088500977, 43.828529357910156, 65.6109390258789, 40.17735290527344, 23.856075286865234, 20.92862892150879, 41.3845329284668, 37.26210021972656, 21.799083709716797, 21.428417205810547, 27.994434356689453, 20.538259506225586, 18.98815155029297, 34.5944709777832, 22.490877151489258, 16.3585205078125, 26.231477737426758, 16.019603729248047, 14.523717880249023, 25.08003807067871, 12.015609741210938, 18.863645553588867, 12.755184173583984, 13.857263565063477, 11.397588729858398, 25.998998641967773, 29.205322265625, 19.8821964263916, 14.142087936401367, 36.478736877441406, 20.31870460510254, 14.612580299377441, 25.094018936157227, 15.349992752075195, 15.947070121765137, 30.522531509399414, 20.003931045532227, 15.649198532104492, 25.42591667175293, 17.982097625732422, 17.35154151916504, 19.080997467041016, 16.80538558959961, 14.033120155334473, 13.037707328796387, 16.9575252532959, 12.28585147857666, 29.23918914794922, 13.659071922302246, 19.16958999633789, 25.017675399780273, 16.017316818237305, 21.887569427490234, 21.025463104248047, 19.350812911987305, 17.44782829284668, 25.75672149658203, 17.65448760986328, 15.429536819458008, 35.3328857421875, 27.208412170410156]","[0.5333333611488342, 0.5, 0.5333333611488342, 0.6000000238418579, 0.5, 0.5333333611488342, 0.5, 0.5333333611488342, 0.5666666626930237, 0.5, 0.5333333611488342, 0.5333333611488342, 0.5333333611488342, 0.5333333611488342, 0.5333333611488342, 0.6000000238418579, 0.5666666626930237, 0.5, 0.5333333611488342, 0.5333333611488342, 0.5666666626930237, 0.46666666865348816, 0.5333333611488342, 0.5333333611488342, 0.5, 0.5333333611488342, 0.5333333611488342, 0.46666666865348816, 0.5666666626930237, 0.5333333611488342, 0.46666666865348816, 0.6000000238418579, 0.5333333611488342, 0.5333333611488342, 0.5, 0.5666666626930237, 0.5333333611488342, 0.5333333611488342, 0.5, 0.5, 0.5333333611488342, 0.5, 0.5666666626930237, 0.5333333611488342, 0.5666666626930237, 0.5333333611488342, 0.46666666865348816, 0.5666666626930237, 0.5333333611488342, 0.5, 0.5666666626930237, 0.5666666626930237, 0.5666666626930237, 0.46666666865348816, 0.6000000238418579, 0.5333333611488342, 0.5333333611488342, 0.5333333611488342, 0.5333333611488342, 0.5333333611488342, 0.5, 0.5333333611488342, 0.5, 0.6333333253860474, 0.5333333611488342, 0.5333333611488342, 0.5, 0.5333333611488342, 0.5333333611488342, 0.5, 0.5666666626930237, 0.5, 0.6333333253860474, 0.5666666626930237, 0.5333333611488342, 0.46666666865348816, 0.5666666626930237, 0.5333333611488342, 0.5333333611488342, 0.5333333611488342, 0.5, 0.5666666626930237, 0.5333333611488342, 0.6000000238418579, 0.5, 0.5666666626930237, 0.5333333611488342, 0.5333333611488342, 0.5, 0.5333333611488342, 0.46666666865348816, 0.5, 0.5333333611488342, 0.5, 0.46666666865348816, 0.5333333611488342, 0.46666666865348816, 0.5666666626930237, 0.5333333611488342, 0.5333333611488342]"
